Entity,Code,Day,Training computation (petaFLOP),Domain
(ensemble): AWD-LSTM-DOC (fin) × 5 (WT2),,2018-08-30,693,Language
2-layer-LSTM+Deep-Gradient-Compression,,2017-12-05,1.34,Language
3D city reconstruction,,2009-09-29,,Other
4 layer QRNN (h=2500),,2018-03-22,240.00002,Language
6-Act Tether,,2021-08-03,,Other
6-layer MLP (MNIST),,2010-03-01,0.130788,Vision
A3C FF hs,,2016-02-04,,Games
ADALINE,,1960-06-30,9.9e-12,Vision
ADAM (CIFAR-10),,2014-12-22,60.48,Vision
ADM,,2021-05-11,6200000,Image generation
ALBERT,,2019-09-26,,Language
ALBERT-xxlarge,,2020-02-09,2390000,Language
ALIGN,,2021-06-11,25986700,Multiple domains
ALM 1.0,,2022-11-28,,Language
ALVINN,,1989-12-01,0.000010548576,Other
AMDIM,,2019-06-03,,Multiple domains
AR-LDM,,2022-11-20,510000,Image generation
ASE+ACE,,1983-09-01,3.24e-7,Other
ATLAS,,2020-05-02,38257.92,Language
AWD-LSTM,,2017-07-18,,Language
AWD-LSTM + MoS + Partial Shuffled,,2019-06-10,328,Language
AWD-LSTM - 3-layer LSTM (tied) + continuous cache pointer (WT2),,2017-08-07,309.00003,Language
AWD-LSTM+WT+Cache+IOG (WT2),,2017-09-26,3.3100002,Language
AWD-LSTM-DRILL + dynamic evaluation† (WT2),,2019-05-14,424,Language
"AWD-LSTM-MoS + dynamic evaluation (WT2, 2017)",,2017-11-10,437,Language
"AWD-LSTM-MoS + dynamic evaluation (WT2, 2018)",,2018-09-18,,Language
AWD-LSTM-MoS+PDR + dynamic evaluation (WT2),,2018-08-14,,Language
AbLang,,2022-01-22,,Biology
AdaRNN,,2014-06-01,,Language
Adaptive Input Transformer + RD,,2021-06-28,82000,Language
Adaptive Inputs + LayerDrop,,2019-09-25,,Language
Adaptive Subgrad,,2011-10-03,,Other
Advantage Learning,,2015-12-15,,Games
Adversarial Joint Adaptation Network (ResNet),,2017-08-17,,Vision
Agent57,,2020-03-30,,Games
Agile Soccer Robot,,2023-04-26,,Other
AlexNet,,2012-09-30,470,Vision
AlexaTM 20B,,2022-08-02,204374020,Language
AlphaCode,,2022-02-02,156816000,Language
AlphaFold,,2020-01-15,100000,Biology
AlphaFold 2,,2020-11-30,2990000,Biology
AlphaFold-Multimer,,2021-10-04,4350000,Biology
AlphaGeometry,,2024-01-17,,Other
AlphaGo Fan,,2015-10-01,380000.03,Games
AlphaGo Lee,,2016-01-27,1900000,Games
AlphaGo Master,,2017-01-01,200010000,Games
AlphaGo Zero,,2017-10-18,341000000,Games
AlphaMissense,,2023-09-22,,Biology
AlphaStar,,2019-10-30,59250000,Games
AlphaX-1,,2019-10-02,7600,Vision
AlphaZero,,2017-12-05,36679270,Games
AltCLIP,,2022-11-12,,Multiple domains
AmoebaNet-A (F=190),,2018-02-05,,Vision
AmoebaNet-A (F=448),,2018-02-05,385296.9,Vision
Ankh_base,,2023-01-16,2600000.2,Biology
Ankh_large,,2023-01-16,6500000,Biology
AudioGen,,2023-03-05,7200000,Other
AudioLM,,2023-07-26,3900,Other
Aya,,2024-02-12,,Language
BART-large,,2019-10-29,,Language
BASIC-L,,2021-11-19,41200000,Vision
BASIC-L + Lion,,2023-02-13,,Vision
BEIT-3,,2022-08-22,70000,Multiple domains
BERT-Large,,2018-10-11,285000,Language
BERT-Large-CAS (PTB+WT2+WT103),,2019-04-20,521000.03,Language
BERT-RBP,,2022-04-07,140000,Biology
BIDAF,,2016-11-05,3468.6145,Language
BLIP-2 (Q-Former),,2023-01-30,1200000,Multiple domains
BLOOM-176B,,2022-11-08,577000000,Language
BLOOMZ-176B,,2022-11-03,,Language
BLSTM for handwriting (1),,2007-09-23,,Vision
BLSTM for handwriting (2),,2007-12-03,,Vision
BLUUMI,,2023-11-03,,Language
BOXES,,1968-07-01,,Games
BPE,,2015-08-31,,Language
BPL,,2015-12-11,,Image generation
Back-propagation,,1986-10-01,1.24416e-7,Other
Base LM + kNN LM + Continuous Cache,,2019-11-01,7300.0005,Language
BatchNorm,,2015-06-15,,Other
Bayesian automated hyperparameter tuning,,2012-12-02,,Other
BellKor 2007,,2009-09-21,,Other
BellKor 2008,,2009-08-01,,Other
BellKor 2009,,2009-08-01,,Other
BiLSTM for Speech,,2005-08-01,0.024124576,Speech
Bidirectional RNN,,1997-11-01,,Speech
Big Transfer (BiT-L),,2019-12-24,,Vision
Big Transformer for Back-Translation,,2018-08-28,108084.33,Language
Big-Little Net,,2018-07-10,246.048,Vision
Big-Little Net (speech),,2018-07-10,429.00482,Speech
BigBiGAN,,2019-07-04,,Multiple domains
BigChaos 2008,,2008-11-25,,Other
BigChaos OptiBlend,,2009-08-01,,Other
BigGAN-deep 512x512,,2018-09-28,1800000,Image generation
BigSSL,,2021-01-10,,Speech
Binarized Neural Network (MNIST),,2016-03-17,,Vision
BlenderBot 3,,2022-08-10,430000030,Language
BloombergGPT,,2023-03-30,236000020,Language
Boss (DARPA Urban Challenge),,2008-07-23,,Other
ByT5-XXL,,2021-05-28,81000000,Language
CICERO,,2022-11-22,,Games
CLIP (ResNet-50),,2021-01-05,,Multiple domains
CLIP (ViT L/14@336px),,2021-01-05,10500000,Multiple domains
CNN Best Practices,,2003-08-06,,Vision
CODEFUSION (Python),,2023-10-26,7920,Language
CPC v2,,2019-05-22,,Multiple domains
CPM-Large,,2020-12-01,1800000,Language
CRF-RNN,,2015-02-11,,Vision
CT-MoS (WT2),,2020-12-25,562,Language
CTC-Trained LSTM,,2006-06-25,,Speech
CTM (CIFAR-10),,2023-10-01,,Image generation
CURL,,2020-04-08,,Games
CaLM,,2022-12-19,29000,Biology
CamemBERT,,2019-11-10,830000,Language
Cancer drug mechanism prediction,,1992-10-16,5.346e-8,Other
CapsNet (MNIST),,2017-10-26,,Vision
CapsNet (MultiMNIST),,2017-10-26,,Vision
Cascaded LNet-ANet,,2014-11-28,,Vision
Char-CNN-BiLSTM,,2019-06-13,,Language
Character-enriched word2vec,,2016-07-15,,Language
ChatGLM3,,2023-10-27,1092000000,Multiple domains
ChatGPT (gpt-3.5-turbo),,2022-11-30,,Language
Chinchilla,,2022-03-29,576000000,Language
Chinese - English translation,,2018-03-01,,Language
Claude,,2023-03-14,,Language
Claude 2,,2023-07-11,3866000100,Language
Claude 2.1,,2023-11-21,,Language
Claude 3 Opus,,2024-03-04,,Multiple domains
CoAtNet,,2021-06-09,42700004,Vision
CoCa,,2022-06-14,73000000,Vision
CoEdiT-xxl,,2023-05-17,,Language
CoRe,,2023-12-29,,Other
CodeT5+,,2023-05-20,,Language
CodeT5-base,,2021-11-01,1560000.1,Language
CodeT5-large,,2022-07-05,2720000,Language
Codex,,2021-07-07,,Language
CogAgent,,2023-12-14,26900000,Multiple domains
CogVLM,,2023-11-06,23110002,Multiple domains
CogVideo,,2022-05-29,,Multiple domains
CogView,,2021-05-26,26800000,Image generation
Cognitron,,1975-09-01,5.76e-9,Other
Cohere Embed,,2023-11-02,,Language
ConSERT,,2021-05-25,280000,Language
Conditional probability machines,,1956-07-01,,Other
Conformer,,2020-05-16,,Speech
Conformer + Wav2vec 2.0 + Noisy Student,,2020-10-20,7600000,Speech
Constituency-Tree LSTM,,2015-02-28,,Language
Context-dependent RNN,,2012-07-27,,Language
ContextNet,,2020-05-07,,Speech
ContextNet + Noisy Student,,2020-01-19,8160000,Speech
Continuous speech recognition by statistical methods,,1976-04-30,,Speech
Contriever,,2021-12-16,,Language
Conv-DBN,,2009-06-14,,Vision
ConvNet similarity metric,,2005-06-20,,Vision
ConvS2S (ensemble of 8 models),,2017-07-25,56400,Language
Convolutional Pose Machines,,2016-01-30,,Vision
Cross-Lingual POS Tagger,,2011-06-19,,Language
Cross-lingual alignment,,2019-04-04,2560,Language
Culturome,,2010-12-16,,Language
Cutout-regularized net,,2017-08-15,,Vision
DALL-E,,2021-01-05,47000000,Image generation
DALL·E 2,,2022-04-06,,Image generation
DALL·E 3,,2023-10-19,,Image generation
DANet,,2019-04-21,,Vision
DARTS,,2018-06-24,11,Language
DBLSTM,,2013-12-08,,Speech
DCN+,,2017-10-31,,Language
DD-PPO,,2019-12-19,780000.06,Other
DDPM-IP (CelebA),,2023-01-27,350000,Image generation
DETR,,2020-05-26,400000,Vision
DINOv2,,2023-04-14,7418511,Vision
DITTO,,2022-06-06,11000,Language
DImensionality Reduction,,2006-07-18,,Vision
DLRM-2020,,2019-05-31,4000,Other
DMN,,2016-06-20,,Language
DNABERT,,2021-08-15,140000,Biology
DOT(S)-RNN,,2013-12-20,,Language
DQN,,2013-12-19,2.3000002,Games
DQN-2015,,2015-02-25,,Games
DeBERTa,,2021-06-10,6000000,Language
DeBERTaV3-large + KEAR,,2021-12-06,,Language
DeLight,,2020-08-03,24000,Language
Decision tree (classification),,2001-12-08,0.063,Vision
Decision tree adaline,,1969-05-01,,Other
Deconvolutional Network,,2010-06-13,,Vision
Decoupled weight decay regularization,,2019-01-04,2470.0002,Vision
Deep Belief Nets,,2006-07-18,,Vision
Deep Blue,,1997-05-01,,Games
Deep Boltzmann Machines,,2009-04-16,,Other
Deep Deterministic Policy Gradients,,2015-09-09,,Other
Deep LSTM for video classification,,2015-05-01,,Other
Deep Multitask NLP Network,,2008-07-05,,Language
Deep rectifier networks,,2011-04-13,,Other
DeepFace,,2014-06-23,,Vision
DeepLab,,2014-12-22,,Vision
DeepLab (2017),,2017-04-27,,Vision
DeepLabV3,,2017-06-17,,Vision
DeepLabV3+,,2018-02-07,,Vision
DeepNash,,2022-12-01,,Games
DeepNet,,2022-03-01,,Language
DeepSpeech2 (English),,2015-12-08,26000,Speech
DeepStack,,2017-01-06,14463.36,Games
Deeply-recursive ConvNet,,2016-11-11,,Multiple domains
Deeply-supervised nets,,2014-09-18,,Vision
DeiT,,2021-01-15,198.14401,Vision
Denoising Autoencoders,,2008-07-05,,Other
Denoising Diffusion Probabilistic Models (LSUN Bedroom),,2021-06-11,380000.03,Vision
DenseNet-264,,2016-08-25,,Vision
DensePhrases,,2020-12-23,2099.52,Language
Detic,,2022-01-07,23439.975,Vision
DiT-XL/2,,2023-03-02,600000,Image generation
DiT-XL/2 + CADS,,2023-10-26,,Image generation
DiT-XL/2 + Discriminator Guidance,,2022-11-28,,Image generation
Diabetic Retinopathy Detection Net,,2016-12-13,,Vision
DiffDock,,2022-10-04,72000,Biology
Differentiable neural computer,,2016-10-12,,Other
Diffractive Deep Neural Network,,2018-04-14,,Vision
Diffusion-GAN,,2022-06-05,,Image generation
Diplodocus,,2022-10-11,,Games
Discriminator Guidance,,2022-11-28,215700,Image generation
DistBelief NNLM,,2013-01-16,2612.736,Language
DistBelief Speech,,2012-12-03,,Speech
DistBelief Vision,,2012-12-03,,Vision
DistilBERT,,2019-10-02,12441.6,Language
Distributed representation NN,,1986-01-01,3.888e-7,Other
DnCNN,,2017-02-01,,Multiple domains
Domain Adaptation,,2011-11-06,,Vision
DrLIM,,2006-06-17,,Other
Dropout (CIFAR),,2012-06-03,4.2687,Vision
Dropout (ImageNet),,2012-06-03,273.1968,Vision
Dropout (MNIST),,2012-06-03,6.039371,Vision
Dropout (TIMIT),,2012-06-03,,Speech
Dropout-LSTM+Noise(Bernoulli) (WT2),,2018-05-03,127,Language
Dropout: SVHN,,2014-06-01,,Vision
EDSR,,2017-06-10,,Multiple domains
EI-REHN-1000D,,2017-08-14,10.599999,Language
ELECTRA,,2020-03-23,3100000,Language
ELMo,,2018-02-01,,Language
EMDR,,2021-06-09,1240000,Language
ENAS,,2018-02-09,20.1,Language
EN^2AS with performance reward,,2019-07-22,,Language
ERNIE 3.0,,2021-07-05,22500000,Language
ERNIE 3.0 Titan,,2021-12-23,1042100030,Language
ERNIE 3.5,,2023-06-27,,Language
ERNIE 4.0,,2023-10-17,,Multiple domains
ERNIE-Doc (247M),,2020-12-31,29100,Language
ERNIE-GEN (large),,2020-08-06,200000,Language
ERNIE-ViLG,,2021-12-31,,Multiple domains
ESM1-670M (UR50/D),,2020-08-31,480000.03,Biology
ESM2-15B,,2022-07-21,73500000,Biology
ESRGAN,,2018-09-01,,Multiple domains
EVA-01,,2022-11-14,3750943.5,Vision
EfficientDet,,2020-07-27,,Vision
EfficientNet-L2,,2019-05-28,,Vision
EfficientNetV2,,2021-06-23,95600.01,Vision
EfficientZero,,2021-10-30,,Games
Elastic weight consolidation,,2016-12-02,,Multiple domains
Empirical evaluation of deep architectures,,2007-06-01,,Other
EnCodec,,2022-10-24,,Other
Enhanced Neighborhood-Based Filtering,,2007-10-28,,Other
Error Propagation,,1986-01-03,,Other
Eve,,2021-10-27,,Biology
FAIRSEQ Adaptive Inputs,,2019-04-01,7300.0005,Language
FAST,,2006-05-07,,Other
FLAN 137B,,2021-09-03,48960000,Language
FTW,,2018-07-03,7260000.5,Games
Falcon-180B,,2023-09-06,3760000300,Language
Falcon-40B,,2023-03-15,240000000,Language
Fast R-CNN,,2015-04-30,,Vision
Faster R-CNN,,2015-06-04,,Vision
Feedback Transformer,,2020-02-21,44100,Language
Feedforward NN,,2010-05-13,0.35000002,Vision
Ferret (13B),,2023-10-11,,Multiple domains
FinGPT-13B,,2023-10-07,160000000,Language
Fine-tuned-AWD-LSTM-DOC(fin),,2018-11-12,1.9200001,Language
Firefly,,2023-03-21,,Image generation
Fisher Kernel GMM,,2017-01-01,,Vision
Fisher-Boost,,2010-09-05,,Vision
FixRes ResNeXt-101 WSL,,2019-06-14,,Vision
Flamingo,,2022-04-29,270000000,Multiple domains
Flan T5-XXL + BLIP-2,,2023-01-30,1200000,Multiple domains
Flan-PaLM 540B,,2022-10-20,2500000000,Language
Flan-T5 11B,,2022-10-20,33000000,Language
Florence,,2021-11-22,48310000,Vision
Fold2Seq,,2021-06-24,,Biology
Fractional Max-Pooling,,2014-12-18,100,Vision
FrameNet role labeling,,2000-09-01,,Language
Fraternal dropout + AWD-LSTM 3-layer (WT2),,2017-10-31,98.5,Language
"Frederic Morin, Yoshua Bengio",,2005-01-01,0.115848005,Language
Fully Convolutional Networks,,2014-11-14,,Vision
FunSearch,,2023-12-14,387000000,Multiple domains
Fusion in Encoder,,2022-11-18,130000,Language
Fuzzy NN,,1992-09-01,0.0000014031178,Speech
GAN-Advancer,,2016-12-05,,Vision
GANs,,2014-06-10,518.4,Image generation
GBERT-Large,,2020-10-21,2244464.5,Language
GCNN-14,,2016-12-23,,Language
GGNN,,2023-08-05,,Biology
GL-LWGC-AWD-MoS-LSTM + dynamic evaluation (WT2),,2017-08-29,474.00003,Language
GLEE,,1968-07-01,,Games
GLIDE,,2021-12-20,,Image generation
GLM-130B,,2022-08-04,377800000,Language
GLaM,,2021-12-13,374000000,Language
GNMT,,2016-09-26,6620000,Language
GOAT,,2021-07-27,78000010,Games
GPT,,2018-06-01,17578.125,Language
GPT-2 (1.5B),,2019-02-14,4300000,Language
GPT-3 175B (davinci),,2020-05-28,314000000,Language
GPT-3.5 (text-davinci-003),,2022-11-28,2578000000,Language
GPT-4,,2023-03-15,21000000000,Multiple domains
GPT-4 Turbo,,2023-11-06,,Multiple domains
GPT-4V,,2023-09-25,,Multiple domains
GPT-4o,,2024-05-13,,Multiple domains
GPT-NeoX-20B,,2022-02-09,93162700,Language
GPU DBNs,,2009-06-15,1,Other
GPipe (Amoeba),,2018-11-16,,Vision
GPipe (Transformer),,2018-11-16,,Language
GRUs,,2014-06-03,,Language
GSM,,2017-07-30,,Language
GShard (dense),,2020-06-30,12800000,Language
Galactica,,2022-11-16,324000000,Multiple domains
Gated HORNN (3rd order),,2016-04-30,,Language
Gato,,2022-05-12,5440000,Multiple domains
Gemini 1.0 Pro,,2023-12-06,,Multiple domains
Gemini 1.0 Ultra,,2023-12-06,50000003000,Multiple domains
Gemini 1.5 Pro,,2024-02-15,,Multiple domains
Gemini Nano-1,,2023-12-19,,Multiple domains
Gemini Nano-2,,2023-12-19,,Multiple domains
Gen-1,,2023-02-06,,Other
Gen-2,,2023-03-20,,Other
GenSLM,,2022-10-11,1420000,Biology
Generative BST,,2021-03-05,,Language
Genetic algorithm,,1954-07-02,,Other
German ELECTRA Large,,2020-10-21,1428295.6,Language
GloVe (32B),,2014-01-01,,Language
GloVe (6B),,2014-01-01,,Language
Go-explore,,2020-04-27,,Games
Goat-7B,,2023-05-23,,Language
GoogLeNet / InceptionV1,,2015-06-07,1557.1403,Vision
Gopher (280B),,2021-12-08,631000000,Language
Gradient Boosting Machine,,2001-10-01,,Other
Graph-based structural reasoning,,1970-09-01,,Vision
GraphCast,,2023-11-14,21000000,Other
Greedy layer-wise DNN training,,2006-12-04,,Other
Grok-1,,2023-11-04,2900000000,Language
GroupLens,,1994-10-22,,Other
HLBL,,2008-12-08,,Language
HMM Word Alignment,,1996-08-05,,Language
HOGWILD!,,2011-11-11,,Other
HRA,,2017-06-13,,Games
Hanabi 4 player,,2019-02-01,4300,Games
Handwritten Digit Recognition System,,1989-01-01,0.00018144,Vision
Heuristic Reinforcement Learning,,1965-10-01,1.08e-9,Other
Heuristic problem solving for AI,,1961-01-01,,Other
Hierarchical Cognitron,,1984-04-01,,Other
Hiero,,2005-06-01,,Language
Histograms of Oriented Gradients,,2005-06-25,,Vision
Hopfield Networks (2020),,2020-07-16,,Multiple domains
Hopfield network,,1982-04-01,,Other
HuBERT,,2021-07-27,5540000,Speech
Hybrid H3-2.7B,,2022-12-28,849000.06,Language
HyenaDNA,,2023-06-27,4490,Biology
HyperCLOVA 204B,,2021-09-10,,Language
HyperNEAT,,2014-03-05,,Games
IBM Model 4,,1999-07-02,,Language
IBM-5,,1993-06-15,,Language
IMPALA,,2018-02-05,168000,Games
ISS,,2017-09-15,3.4,Language
Image Classification with the Fisher Vector: Theory and Practice,,2013-06-12,0.0908424,Vision
Image generation,,2013-12-20,0.47520003,Vision
Image-to-image cGAN,,2016-11-21,,Vision
ImageBind,,2023-05-09,,Multiple domains
Imagen,,2022-05-23,14600000,Image generation
Immediate trihead,,2001-07-06,,Language
Inception v3,,2015-12-02,,Vision
Inception-ResNet-V2,,2016-02-23,,Vision
Inceptionv4,,2016-02-23,,Vision
Incoder-6.7B,,2023-04-09,3000010.2,Language
Inflated 3D ConvNet,,2017-06-01,,Other
Inflection-2,,2023-11-22,10010000000,Language
Inflection-2.5,,2024-03-07,10001000000,Language
Innervator,,1989-01-01,1.2e-7,Other
InstructBLIP,,2023-05-11,194000,Multiple domains
InstructGPT,,2022-01-27,,Language
InternImage,,2022-11-10,83174.836,Vision
InternLM,,2023-07-06,,Language
Internal functionality of visual invariants,,1979-05-02,,Vision
Invariant image recognition,,1989-06-18,0.000027,Vision
Iterative Bootstrapping WSD,,1995-06-26,,Language
JFT,,2017-07-10,843000.06,Vision
Jais,,2023-08-29,30800002,Language
KEPLER,,2020-11-23,124000,Language
KN5 LM + RNN 400/10 (WSJ),,2010-09-26,61.440002,Speech
KataGo,,2019-02-27,23200.002,Games
Kohonen network,,1981-07-25,,Other
LDA,,2003-02-02,,Language
LDM-1.45B,,2021-12-20,,Image generation
LEP-AD,,2023-03-15,,Biology
LLaMA-65B,,2023-02-24,550000000,Language
LLaVA,,2023-04-17,48522.242,Multiple domains
LLaVA 1.5,,2023-11-05,65000,Multiple domains
LMS,,1960-06-30,,Other
LMSI-Palm,,2022-10-20,,Language
LRCN,,2014-11-07,,Other
LRSO-GAN,,2017-10-22,,Vision
LSTM,,1997-11-15,0.021008,Language
LSTM (2018),,2018-03-04,,Language
"LSTM (Hebbian, Cache, MbPA)",,2018-03-27,24000,Language
LSTM + dynamic eval,,2017-09-21,,Language
LSTM LM,,2012-01-01,,Other
LSTM with forget gates,,1999-01-02,,Language
LSTM+NeuralCache,,2018-09-24,1.02,Language
LSTM-300units,,2012-09-01,,Language
LSTM-Char-Large,,2015-08-26,2.6499999,Language
LTE speaker verification system,,1966-11-01,1.0591706e-7,Speech
LTM-1,,2023-06-06,,Language
LUKE,,2020-10-02,175799.81,Language
LaMDA,,2022-02-10,355000000,Language
LaNet-L (CIFAR-10),,2019-06-17,,Vision
Large regularized LSTM,,2014-09-08,91,Language
LeNet-5,,1998-11-01,0.0028109376,Vision
Learnability theory of language development,,1984-07-01,,Language
Learning deep architectures,,2009-11-15,,Other
Libratus,,2017-01-01,551000,Games
Linear Decision Functions,,1962-06-01,1.5592501e-9,Other
"Listen, Attend and Spell",,2015-08-20,,Speech
Llama 2-70B,,2023-07-18,810000000,Language
Llama 2-7B,,2023-07-18,84000000,Language
Llama 3-70B,,2024-04-18,6300000000,Language
Llama Guard,,2023-12-07,,Language
Local Binary Patterns for facial recognition,,2006-12-01,,Vision
LongT5,,2021-12-15,,Language
M4-50B,,2019-10-11,,Language
M6-T,,2021-03-05,5500000.5,Multiple domains
MADALINE I,,1962-07-01,,Other
MADALINE III,,1990-09-01,,Other
MCDNN (MNIST),,2012-02-13,3.726979,Vision
MEB,,2021-09-04,,Other
MLP as Bayesian Approximator,,1990-12-01,,Other
MLP baggage detector,,1989-01-01,,Vision
MM1-30B,,2024-03-14,486000000,Multiple domains
MMLSTM,,2019-12-05,2320,Language
MS-CNN,,2016-09-17,,Vision
MSA Transformer,,2021-02-13,5490000,Biology
"MSRA (C, PReLU)",,2015-02-06,23974.031,Vision
MT-DNN,,2019-01-31,,Language
MV-RNN,,2012-07-12,,Language
Make-A-Video,,2022-09-29,,Other
Mamba-24M (SC09),,2023-12-01,,Speech
Mask R-CNN,,2017-03-30,,Vision
Masked Autoencoders,,2021-11-11,460000,Vision
MatrixFac for Recommenders,,2009-08-07,,Other
Max-Margin Markov Networks,,2004-03-01,,Multiple domains
Maximum Entropy Models for machine translation,,2002-07-06,,Language
Maxout Networks,,2013-02-18,,Vision
McGill University,,1988-08-01,2.96425e-7,Speech
MedBERT,,2021-05-20,9470,Other
Meena,,2020-01-28,112000000,Language
MegaScale (Production),,2024-02-23,12000000000,Language
MegaSyn,,2022-03-07,,Other
Megatron-BERT,,2019-09-17,60270000,Language
Megatron-LM (8.3B),,2019-09-17,9100000,Language
Megatron-Turing NLG 530B,,2021-10-11,1170000000,Language
MemoReader,,2018-10-31,,Language
Mesh-TensorFlow Transformer 2.9B (translation),,2018-11-05,68428.805,Language
Mesh-TensorFlow Transformer 4.9B (language modelling),,2018-11-05,161740.8,Language
MetNet,,2020-03-24,,Other
Meta Pseudo Labels,,2021-03-01,47900004,Vision
MetaLM,,2022-06-13,,Multiple domains
MetaMimic,,2018-10-11,,Games
Mid-level Features,,2010-06-13,,Vision
Midjourney V1,,2022-02-15,,Image generation
Minerva (540B),,2022-06-29,2741500200,Language
Mitosis,,2013-09-22,137,Multiple domains
Mixtral 8x7B,,2023-12-11,,Language
MnasNet-A1 + SSDLite,,2019-05-29,1500000,Vision
MnasNet-A3,,2019-05-29,1500000,Vision
Mnemonic Reader,,2017-05-08,,Language
MoCo,,2019-11-13,,Multiple domains
MoE,,2017-01-23,93939.055,Language
MobileNet,,2017-04-17,,Vision
MobileNetV2,,2018-06-18,,Vision
"Mogrifier (d2, MoS2, MC) + dynamic eval",,2019-09-04,,Language
Mogrifier RLSTM (WT2),,2022-11-03,109,Language
Motion-Driven 3D Feature Tracking,,1988-07-01,,Other
MuZero,,2019-11-19,48000,Games
Multi-cell LSTM,,2018-11-15,2.01,Language
Multi-scale Dilated CNN,,2015-11-23,,Vision
Multi-task Cascaded CNN,,2016-08-26,,Vision
MultiBand Diffusion,,2023-11-08,26000,Other
Multiresolution CNN,,2014-06-23,,Other
Multiscale deformable part model,,2008-06-23,,Vision
MusicGen,,2023-06-08,,Other
MusicLM,,2023-01-26,,Other
NAS+ESS (156M),,2020-05-06,2890,Language
NASNet-A,,2017-07-21,,Vision
NASv3 (CIFAR-10),,2016-11-05,2200000,Vision
NEAT in neuroevolution,,2002-06-01,,Other
NLLB,,2022-07-06,17511138,Language
NLP from scratch,,2011-11-08,,Language
NMT Transformer 437M,,2019-02-28,,Language
NPLM,,2003-03-15,1.3038988,Language
NTM,,2014-12-10,,Other
Naive Bayes,,1974-09-01,,Other
Named Entity Recognition model,,2016-05-29,96.940796,Language
Nemotron-3-8B,,2023-11-15,180000000,Language
Neocognitron,,1980-04-01,2.281152e-7,Vision
NetTalk (dictionary),,1987-06-06,0.000027664064,Speech
NetTalk (transcription),,1987-06-06,0.000028328002,Speech
Netflix Recommender System,,2015-12-01,,Other
Network in Network,,2013-12-16,,Vision
NeuMF (Pinterest),,2017-08-16,,Other
Neural Architecture Search with base 8 and shared embeddings,,2016-11-05,10.5,Language
Neuro-Symbolic Concept Learner,,2019-04-26,,Multiple domains
Noisy Student (L2),,2019-11-11,849346.6,Vision
NoisyNet-Dueling,,2017-06-30,,Games
Nucleotide Transformer,,2023-01-15,12000000,Biology
NÜWA,,2021-11-24,4838400,Multiple domains
ONE-PEACE,,2023-05-18,180000,Multiple domains
OPT-175B,,2022-05-02,430000030,Language
OR-WideResNet,,2017-01-07,,Vision
OmegaPLM,,2022-07-22,13801881,Biology
OmniVec,,2023-11-07,,Multiple domains
Once for All,,2020-04-29,1784281,Vision
OntoProtein,,2022-01-23,,Multiple domains
OpenAI Five,,2019-12-13,67000004,Games
OpenAI Five Rerun,,2019-12-13,13000000,Games
OpenAI TI7 DOTA 1v1,,2017-08-11,604609.5,Games
Optimized Multi-Scale Edge Detection,,1986-11-01,,Vision
Optimized Single-layer Net,,2011-04-11,,Vision
OverFeat,,2013-12-21,,Vision
PDP model for serial order,,1986-01-05,,Speech
PG-SWGAN,,2019-06-15,,Image generation
PLATO-XL,,2021-09-20,9900000,Language
PLUG,,2021-04-19,35997696,Language
PNAS-net,,2017-12-02,,Vision
PNASNet-5,,2017-12-02,66290.4,Vision
PPLX-70B-Online,,2023-11-29,,Language
PSPNet,,2017-07-21,,Vision
PaLI,,2022-09-14,51000000,Multiple domains
PaLI-X,,2023-05-29,,Multiple domains
PaLM (540B),,2022-04-04,2527200000,Language
PaLM 2,,2023-05-10,7339999700,Language
PaLM-E,,2023-03-06,,Other
PanGu-Σ,,2023-03-20,467000000,Language
Pandemonium (morse),,1959-02-01,6e-7,Language
Pangu-Weather,,2023-07-05,39800000,Other
Paragraph Vector,,2014-05-14,,Language
Part-of-sentence tagging model,,2016-05-29,145.41121,Language
Parti,,2022-06-22,396289540,Image generation
Pattern recognition and reading by machine,,1959-12-01,,Vision
PeptideBERT,,2023-08-28,7600000,Biology
Perceiver IO (optical flow),,2020-02-08,,Multiple domains
Perceptron (1960),,1960-03-30,7.2e-7,Vision
Perceptron Mark I,,1957-01-01,6.948949e-10,Other
Perceptron for Large Margin Classification,,1999-12-01,,Vision
PermuteFormer,,2021-09-06,3100,Language
Phenaki,,2022-10-05,,Other
Photo-Geometric Autoencoder,,2019-11-25,,Other
Phrase-based translation,,2003-05-01,,Language
PhraseCond,,2017-10-28,,Language
Piecewise linear model,,1973-11-01,,Vision
Pluribus,,2019-07-11,66,Games
PointNet,,2016-12-02,,Other
PointNet++,,2017-06-07,,Other
Pointer Sentinel-LSTM (medium),,2016-09-26,7.49,Language
PolyCoder,,2022-02-26,1100000,Language
PolyNet,,2016-11-17,64000,Vision
Population-based DRL,,2018-07-03,34900,Games
Pragmatic Theory solution (Netflix 2009),,2009-08-01,,Other
PreTrans-3L-250H,,2013-03-22,,Speech
Print Recognition Logic,,1963-01-01,2.25e-8,Vision
ProBERTa,,2020-09-01,9720.001,Biology
ProGen2-xlarge,,2022-06-27,13500001,Biology
ProgressiveGAN,,2017-10-27,,Vision
Projected GAN,,2021-11-01,,Image generation
ProtBERT-BFD,,2021-05-04,39000004,Biology
ProtT5-XXL,,2021-05-04,73700000,Biology
ProtT5-XXL-BFD,,2021-05-04,37000000,Biology
ProteinBERT,,2022-02-10,65000,Biology
ProteinDT,,2023-02-09,,Multiple domains
Prototypical networks,,2017-03-15,,Vision
ProxylessNAS,,2019-02-23,37065.6,Vision
PyramidNet,,2017-09-06,,Vision
Q-learning,,1989-01-01,,Multiple domains
QMoE: compressed 1T model,,2023-10-25,,Language
QRNN,,2018-02-01,360,Language
QT-Opt,,2018-06-27,34875,Multiple domains
Qwen-72B,,2023-11-30,1300000000,Language
Qwen-Audio-Chat,,2023-11-14,,Multiple domains
Qwen-VL,,2023-08-24,,Multiple domains
Qwen-VL-Max,,2024-01-25,,Multiple domains
Qwen1.5 72B,,2024-02-04,,Language
R-CNN (T-net),,2013-11-11,,Vision
R-FCN,,2016-06-21,61.492943,Vision
RAAM,,1990-11-01,,Other
RBM Image Classifier,,2009-04-08,,Vision
RBM-tuning,,2010-08-02,,Other
RCAN,,2018-07-08,,Multiple domains
RCTM,,2013-10-01,9.3312,Language
REINFORCE in Stochastic Connectionism,,1992-05-01,,Other
RETRO-7B,,2022-02-07,16800000,Language
RNN 500/10 + RT09 LM (NIST RT05),,2010-09-26,3.414636,Speech
RNN LM,,2010-01-01,,Language
RNN for 1B words,,2013-12-11,,Language
RNN+LDA+KN5+cache,,2012-12-01,,Language
RNN+weight noise+dynamic eval,,2013-08-04,4.21,Language
RNN-SpeedUp,,2011-05-22,,Language
RNN-WER,,2014-06-22,,Speech
RNNsearch-50*,,2014-09-01,1555.2,Language
RNTN,,2013-10-01,14.22,Language
RT-1,,2022-12-13,,Other
RT-2,,2023-07-28,,Other
RT-2-X,,2023-10-13,,Other
RT-Trajectory,,2023-11-03,,Other
Random Decision Forests,,1995-08-14,,Other
Rational DQN Average,,2021-02-18,,Games
ReALM,,2024-03-29,,Language
ReLU (LFW),,2010-06-15,,Vision
ReLU (NORB),,2010-06-15,,Vision
Reading Twice for NLU,,2017-06-08,,Language
Recursive Neural Network,,2011-06-28,,Multiple domains
Recursive sentiment autoencoder,,2011-07-01,,Language
RefineNet,,2016-11-20,,Vision
Refined Part Pooling,,2018-01-09,,Vision
Regularized SVD for Collaborative Filtering,,2007-08-12,,Other
Relational Memory Core,,2018-06-05,,Language
ResNeXt-101 32x48d,,2018-05-02,8743950,Vision
ResNeXt-101 Billion-scale,,2019-05-02,,Vision
ResNeXt-50,,2016-11-16,,Vision
ResNet-1001,,2016-09-17,,Vision
ResNet-110 (CIFAR-10),,2015-12-10,,Vision
ResNet-152 (ImageNet),,2015-12-10,12100,Vision
ResNet-152 + ObjectNet,,2019-09-06,19400.002,Vision
ResNet-200,,2016-09-17,29741.645,Vision
ResNet-50 Billion-scale,,2019-05-02,,Vision
Residual Dense Network,,2018-02-24,,Multiple domains
Restricted Bolzmann machines,,2007-06-20,,Other
RetinaNet-R101,,2017-08-07,2065.392,Vision
RetinaNet-R50,,2017-08-07,,Vision
Retrieval-Augmented Generator,,2020-05-22,,Language
RoBERTa Large,,2019-07-01,4153835.5,Language
RoboCat,,2023-06-20,,Other
Robot Parkour,,2023-09-12,,Other
Rotation,,2018-03-21,,Multiple domains
Routing Transformer,,2020-03-12,,Language
S-Norm,,2017-10-29,,Language
S4,,2021-10-31,600000,Language
SACHS,,2005-04-22,,Biology
SC-NLM,,2014-11-10,,Other
SEER,,2021-07-29,4420000,Vision
SENet (ImageNet),,2017-09-05,,Vision
SNARC,,1952-01-08,,Other
SPHINX (Llama 2 13B),,2023-11-13,30400000,Multiple domains
SPIDER2,,2016-10-28,0.00854,Biology
SPN-4+KN5,,2014-01-01,44,Language
SPPNet,,2014-06-18,3411.072,Vision
SRGAN,,2017-05-25,,Multiple domains
SRN-Encoded Grammatical Structures,,1991-09-01,,Language
SRU++ Large,,2021-02-24,11000,Language
ST-MoE,,2022-02-17,290000000,Language
SVD in recommender systems,,2000-07-14,,Other
SVM for face detection,,1997-06-17,,Vision
Samuel Neural Checkers,,1959-07-01,4.284e-7,Games
Sandwich Transformer,,2019-11-10,158000,Language
Sapienza Università di Roma,,1994-01-01,0.0000045312,Other
SciBERT,,2019-03-26,89268.48,Language
SeamlessM4T,,2023-12-08,,Multiple domains
Search-Proven Best LSTM,,2015-07-06,3.3400002,Language
SearchFusion,,2013-04-02,,Vision
"Segatron-XL large, M=384 + HCP",,2022-03-21,26500,Language
Segment Anything Model,,2023-04-05,7800000,Vision
Self Organizing System,,1955-03-01,,Other
SemExp,,2020-07-02,,Other
SemVec,,2013-06-09,,Language
Semantic Hashing,,2008-12-10,,Language
Semi-Supervised Embedding for DL,,2008-07-05,,Other
Seq2Seq LSTM,,2014-09-10,56000,Language
Sequence-based pattern recognition,,1955-03-01,,Vision
Show-1,,2023-09-27,,Other
ShuffleNet v1,,2017-07-03,,Vision
ShuffleNet v2,,2018-06-30,,Vision
SimCLR,,2020-02-13,,Vision
SimCLRv2,,2020-10-26,,Vision
SimCSE,,2022-05-18,,Language
SimpleNet,,2016-08-22,,Vision
Skywork-13B,,2023-10-30,250000000,Language
SmooCT,,2014-07-01,69,Games
Social and content-based classification,,1998-07-01,,Other
Sora,,2024-02-15,,Other
Sparse Energy-Based Model,,2006-12-04,,Vision
Sparse Non-negative Matrix (SNM) estimation,,2014-12-03,,Language
Sparse all-MLP,,2022-04-14,60770.305,Language
Sparse coding model for V1 receptive fields,,1997-12-01,,Vision
Sparse digit recognition SVM,,2008-11-19,,Vision
Spatial Pyramid Matching,,2006-06-17,,Vision
Spatially-Sparse CNN,,2014-09-23,,Vision
Spatiotemporal fusion ConvNet,,2016-06-01,,Other
Speaker-independent vowel classification,,1989-01-01,0.000007485696,Speech
SpecAugment,,2019-04-18,,Language
Spectrally Normalized GAN,,2018-02-16,,Image generation
SqueezeNet,,2016-02-24,,Vision
Stable Diffusion (LDM-KL-8-G),,2022-04-13,50000000,Image generation
Stable Diffusion XL,,2023-07-04,,Image generation
Stacked Denoising Autoencoders,,2010-01-03,,Other
Stacked hourglass network,,2016-09-17,,Vision
Stanford University,,2014-06-21,,Other
Stanley (DARPA Grand Challenge 2),,2006-01-01,,Other
StarCoder,,2023-05-09,84600000,Language
StarGAN v2,,2019-12-04,,Vision
Statement Curriculum Learning,,2022-03-02,,Language
Statistical Shape Constellations,,2003-01-01,,Vision
Student of Games,,2021-12-06,36679270,Games
Super-vector coding,,2010-01-01,,Vision
Support Vector Machines,,1995-09-01,,Vision
Swift,,2023-08-30,53.37,Other
Swin Transformer V2,,2021-11-18,1100000,Multiple domains
Switch,,2021-01-11,82200000,Language
Symmetric Residual Encoder-Decoder Net,,2016-03-30,,Multiple domains
System 11,,1996-06-18,0.00001293,Vision
T0-XXL,,2021-10-15,918190.06,Language
T5-11B,,2019-10-23,33000000,Language
T5-3B,,2019-10-23,865865.44,Language
TCN (P-MNIST),,2018-02-15,,Language
TD(0),,1977-08-01,,Other
TD-Gammon,,1992-05-01,0.018232157,Games
TFE SVM,,2006-02-02,,Vision
TSN,,2016-09-17,,Other
TaLK Convolution,,2020-02-08,27800,Language
Tacotron 2,,2017-12-19,,Speech
Tagging via Viterbi Decoding,,2002-06-01,,Language
Taiyi-Stable Diffusion,,2022-10-31,51000000,Image generation
Temporal Convolutional Attention-based Network(TCAN) (WT2),,2020-02-28,,Language
Tensor-Transformer(1core)+PN (WT103),,2020-03-17,1580,Language
TensorReasoner,,2013-12-01,,Language
Tensorized Transformer (257M),,2019-06-24,4760.0005,Language
Textual Imager,,2013-01-16,,Vision
Theseus,,1950-07-02,4e-14,Other
Theseus 6/768,,2020-02-07,,Language
Thumbs Up?,,2002-05-28,,Language
Time-delay neural networks,,1989-03-03,,Speech
TrOCR,,2021-09-21,,Vision
Trajectory-pooled conv nets,,2015-05-19,,Other
TranceptEve,,2022-12-10,,Biology
Tranception,,2022-05-27,7240000.5,Biology
TransE,,2013-12-05,1340.928,Language
Transformer,,2017-06-12,7424.525,Language
Transformer (Adaptive Input Embeddings) WT103,,2018-09-28,72000,Language
Transformer + Simple Recurrent Unit,,2018-09-17,11000,Language
Transformer - LibriVox + Decoding/Rescoring,,2019-11-19,,Speech
Transformer ELMo,,2019-01-01,,Language
Transformer local-attention (NesT-B),,2021-05-26,24057.602,Vision
Transformer-XL (257M),,2019-01-09,10900,Language
Transformer-XL + RMS dynamic eval,,2019-04-17,,Language
Transformer-XL DeFINE (141M),,2019-11-27,6200,Language
Transformer-XL Large + Phrase Induction,,2019-06-04,7300.0005,Language
TransformerXL + spectrum control,,2020-03-11,460,Language
TrellisNet,,2018-10-15,2780,Language
TriNet,,2017-11-21,,Other
Truck backer-upper,,1989-06-18,,Other
True-Regularization+Finetune+Dynamic-Eval,,2019-04-08,,Language
Turing-NLG,,2020-02-13,15700000,Language
Two-stream ConvNets for action recognition,,2014-06-09,,Other
U-PaLM (540B),,2022-10-20,2530000100,Language
UDSMProt,,2019-09-04,890.00006,Biology
UL2,,2022-05-10,120000000,Language
ULM-FiT,,2018-01-18,272.538,Language
UnifiedQA,,2020-05-02,35000,Language
Universal approximation via Feedforward Networks,,1989-03-09,,Other
Unsupervised High-level Feature Learner,,2012-07-12,600,Vision
Unsupervised Scale-Invariant Learning,,2003-06-18,,Vision
VALL-E,,2023-01-05,10100,Multiple domains
VD-LSTM+REAL Large,,2016-11-04,21.3,Language
VD-RHN,,2016-07-12,3.57,Language
VGG16,,2014-09-04,9253.44,Vision
VGG19,,2014-09-04,,Vision
VQGAN + CLIP,,2020-12-17,,Image generation
"Variational (untied weights, MC) LSTM (Large)",,2015-12-16,5.6200004,Language
Vector Space Model,,2011-06-19,,Language
ViT + DINO,,2021-04-29,210000,Vision
ViT-22B,,2023-02-10,400010020,Vision
ViT-Base/32,,2020-10-22,,Vision
ViT-G (model soup),,2022-03-10,3400000.2,Vision
ViT-G/14,,2021-06-08,3400000.2,Vision
ViT-G/14 (LiT),,2021-11-15,,Vision
ViT-Huge/14,,2020-10-22,4262000,Vision
Vicuna-13B,,2023-03-30,,Language
VideoMAE V2,,2023-03-29,9700000,Other
Visualizing CNNs,,2013-11-12,532,Vision
Volcano 13B,,2023-11-13,,Language
W2v-BERT,,2021-08-07,,Speech
WGAN-GP,,2017-03-31,,Image generation
Walking Minotaur robot,,2019-06-19,,Other
WaveNet,,2016-09-12,,Speech
WeNet (Penn Treebank),,2019-04-08,,Language
Whisper,,2022-09-21,46500000,Speech
Wide & Deep,,2016-06-24,,Other
Wide Residual Network,,2016-09-19,,Vision
WizardCoder-15.5B,,2023-06-14,112000000,Language
WizardLM-7B,,2023-04-24,40200000,Language
Word Representations,,2010-06-01,,Language
Word2Vec (large),,2013-10-16,38.879997,Language
Word2Vec (small),,2013-10-16,,Language
XGLM,,2021-12-20,22500000,Language
XGLM-7.5B,,2021-12-20,43475930,Language
XLM,,2019-06-01,,Language
XLM-RoBERTa,,2019-11-05,,Language
XLMR-XXL,,2021-08-17,,Language
XLNet,,2019-06-01,8900000,Language
Xception,,2016-10-07,436000,Vision
YOLO,,2015-06-08,,Vision
YOLOX-X,,2021-08-06,,Vision
YOLOv2,,2016-12-25,,Vision
YOLOv3,,2018-04-08,50939.2,Vision
Yi-34B,,2023-11-02,610000060,Language
YouTube Video Recommendation System,,2010-09-26,,Other
Youtube recommendation model,,2016-09-15,,Other
Yuan 1.0,,2021-10-12,353800030,Language
Zidong Taichu,,2021-08-11,,Multiple domains
Zip CNN,,1989-12-01,0.000043372118,Vision
Zoneout + Variational LSTM (WT2),,2016-09-26,16.8,Language
aLSTM(depth-2)+RecurrentPolicy (WT2),,2018-05-22,75.9,Language
base LM+GNN+kNN,,2021-10-17,7300.0005,Language
data2vec (language),,2022-01-20,,Language
data2vec (speech),,2022-01-20,,Speech
data2vec (vision),,2022-01-20,,Vision
eDiff-I,,2022-11-02,54600.004,Image generation
fastText,,2016-07-06,,Language
genCNN + dyn eval,,2015-03-17,73,Language
iGPT-L,,2020-06-17,8910000,Multiple domains
iGPT-XL,,2020-06-17,33000000,Multiple domains
mPLUG-Owl2,,2023-11-07,,Multiple domains
mT0-13B,,2022-11-03,,Language
mT5-XXL,,2020-10-20,82000000,Language
top-down frozen classifier,,2021-02-09,,Language
wave2vec 2.0 LARGE,,2020-10-22,1900000,Speech
xTrimoPGLM -100B,,2023-07-06,600010000,Biology
λ-WASP,,2007-06-01,,Language