"","index","file_path","file_name"
"1",1,"/Users/pierre-alex/Dropbox/PABalland.github.io/hf/api/_archives/author-author-likes-top-100.html","author-author-likes-top-100.html"
"2",2,"/Users/pierre-alex/Dropbox/PABalland.github.io/hf/api/_archives/author-tag-likes-top-100.html","author-tag-likes-top-100.html"
"3",3,"/Users/pierre-alex/Dropbox/PABalland.github.io/hf/api/_archives/author-tag-likes-top-1000.html","author-tag-likes-top-1000.html"
"4",4,"/Users/pierre-alex/Dropbox/PABalland.github.io/hf/api/_archives/author-tag-likes.html","author-tag-likes.html"
"5",5,"/Users/pierre-alex/Dropbox/PABalland.github.io/hf/api/_archives/id-tag-likes-top-100 copy.html","id-tag-likes-top-100 copy.html"
"6",6,"/Users/pierre-alex/Dropbox/PABalland.github.io/hf/api/_archives/id-tag-likes-top-100.html","id-tag-likes-top-100.html"
"7",7,"/Users/pierre-alex/Dropbox/PABalland.github.io/hf/api/_archives/model-tag-likes-top-100.html","model-tag-likes-top-100.html"
"8",8,"/Users/pierre-alex/Dropbox/PABalland.github.io/hf/api/_archives/model-tag-likes.html","model-tag-likes.html"
"9",9,"/Users/pierre-alex/Dropbox/PABalland.github.io/hf/api/_archives/pipeline_tag-tag-likes-top-100.html","pipeline_tag-tag-likes-top-100.html"
"10",10,"/Users/pierre-alex/Dropbox/PABalland.github.io/hf/api/_archives/pipeline_tag-tag-likes-top-1000.html","pipeline_tag-tag-likes-top-1000.html"
"11",11,"/Users/pierre-alex/Dropbox/PABalland.github.io/hf/api/country_model_downloads.html","country_model_downloads.html"
"12",12,"/Users/pierre-alex/Dropbox/PABalland.github.io/hf/api/country_model_likes.html","country_model_likes.html"
"13",13,"/Users/pierre-alex/Dropbox/PABalland.github.io/hf/api/model/author/_archives/author-tag-downloads_all_time-top-200.html","author-tag-downloads_all_time-top-200.html"
"14",14,"/Users/pierre-alex/Dropbox/PABalland.github.io/hf/api/model/author/_archives/author-tag-downloads-top-200.html","author-tag-downloads-top-200.html"
"15",15,"/Users/pierre-alex/Dropbox/PABalland.github.io/hf/api/model/author/_archives/author-tag-likes-top-200.html","author-tag-likes-top-200.html"
"16",16,"/Users/pierre-alex/Dropbox/PABalland.github.io/hf/api/model/author/_archives/stacked-author-top-100-cumulative-pc.html","stacked-author-top-100-cumulative-pc.html"
"17",17,"/Users/pierre-alex/Dropbox/PABalland.github.io/hf/api/model/author/_archives/stacked-author-top-100-cumulative.html","stacked-author-top-100-cumulative.html"
"18",18,"/Users/pierre-alex/Dropbox/PABalland.github.io/hf/api/model/author/_archives/stacked-author-top-100.html","stacked-author-top-100.html"
"19",19,"/Users/pierre-alex/Dropbox/PABalland.github.io/hf/api/model/author/_archives/stacked-author-top-100pc.html","stacked-author-top-100pc.html"
"20",20,"/Users/pierre-alex/Dropbox/PABalland.github.io/hf/api/model/author/stacked-likes-top-100-cumulative-pc.html","stacked-likes-top-100-cumulative-pc.html"
"21",21,"/Users/pierre-alex/Dropbox/PABalland.github.io/hf/api/model/author/stacked-likes-top-100-cumulative.html","stacked-likes-top-100-cumulative.html"
"22",22,"/Users/pierre-alex/Dropbox/PABalland.github.io/hf/api/model/author/stacked-likes-top-100.html","stacked-likes-top-100.html"
"23",23,"/Users/pierre-alex/Dropbox/PABalland.github.io/hf/api/model/author/stacked-likes-top-100pc.html","stacked-likes-top-100pc.html"
"24",24,"/Users/pierre-alex/Dropbox/PABalland.github.io/hf/api/model/author/stacked-likes-top-200-cumulative-pc.html","stacked-likes-top-200-cumulative-pc.html"
"25",25,"/Users/pierre-alex/Dropbox/PABalland.github.io/hf/api/model/author/stacked-likes-top-200-cumulative.html","stacked-likes-top-200-cumulative.html"
"26",26,"/Users/pierre-alex/Dropbox/PABalland.github.io/hf/api/model/author/stacked-likes-top-200-pc.html","stacked-likes-top-200-pc.html"
"27",27,"/Users/pierre-alex/Dropbox/PABalland.github.io/hf/api/model/author/stacked-likes-top-200.html","stacked-likes-top-200.html"
"28",28,"/Users/pierre-alex/Dropbox/PABalland.github.io/hf/api/model/author/treemap-downloads_all_time-top-200.html","treemap-downloads_all_time-top-200.html"
"29",29,"/Users/pierre-alex/Dropbox/PABalland.github.io/hf/api/model/author/treemap-downloads-top-200.html","treemap-downloads-top-200.html"
"30",30,"/Users/pierre-alex/Dropbox/PABalland.github.io/hf/api/model/author/treemap-likes-top-200.html","treemap-likes-top-200.html"
"31",31,"/Users/pierre-alex/Dropbox/PABalland.github.io/hf/api/model/library/_archives/library-tag-downloads_all_time-top-200.html","library-tag-downloads_all_time-top-200.html"
"32",32,"/Users/pierre-alex/Dropbox/PABalland.github.io/hf/api/model/library/_archives/library-tag-downloads-top-200.html","library-tag-downloads-top-200.html"
"33",33,"/Users/pierre-alex/Dropbox/PABalland.github.io/hf/api/model/library/_archives/library-tag-likes-top-200.html","library-tag-likes-top-200.html"
"34",34,"/Users/pierre-alex/Dropbox/PABalland.github.io/hf/api/model/library/_archives/stacked-library-top-100-cumulative-pc.html","stacked-library-top-100-cumulative-pc.html"
"35",35,"/Users/pierre-alex/Dropbox/PABalland.github.io/hf/api/model/library/_archives/stacked-library-top-100-cumulative.html","stacked-library-top-100-cumulative.html"
"36",36,"/Users/pierre-alex/Dropbox/PABalland.github.io/hf/api/model/library/_archives/stacked-library-top-100-pc.html","stacked-library-top-100-pc.html"
"37",37,"/Users/pierre-alex/Dropbox/PABalland.github.io/hf/api/model/library/_archives/stacked-library-top-100.html","stacked-library-top-100.html"
"38",38,"/Users/pierre-alex/Dropbox/PABalland.github.io/hf/api/model/library/stacked-likes-top-200-cumulative-pc.html","stacked-likes-top-200-cumulative-pc.html"
"39",39,"/Users/pierre-alex/Dropbox/PABalland.github.io/hf/api/model/library/stacked-likes-top-200-cumulative.html","stacked-likes-top-200-cumulative.html"
"40",40,"/Users/pierre-alex/Dropbox/PABalland.github.io/hf/api/model/library/stacked-likes-top-200-pc.html","stacked-likes-top-200-pc.html"
"41",41,"/Users/pierre-alex/Dropbox/PABalland.github.io/hf/api/model/library/stacked-likes-top-200.html","stacked-likes-top-200.html"
"42",42,"/Users/pierre-alex/Dropbox/PABalland.github.io/hf/api/model/license/_archives/license-tag-downloads_all_time-top-200.html","license-tag-downloads_all_time-top-200.html"
"43",43,"/Users/pierre-alex/Dropbox/PABalland.github.io/hf/api/model/license/_archives/license-tag-downloads-top-200.html","license-tag-downloads-top-200.html"
"44",44,"/Users/pierre-alex/Dropbox/PABalland.github.io/hf/api/model/license/_archives/license-tag-likes-top-200.html","license-tag-likes-top-200.html"
"45",45,"/Users/pierre-alex/Dropbox/PABalland.github.io/hf/api/model/license/_archives/stacked-license-top-100-cumulative-pc.html","stacked-license-top-100-cumulative-pc.html"
"46",46,"/Users/pierre-alex/Dropbox/PABalland.github.io/hf/api/model/license/_archives/stacked-license-top-100-cumulative.html","stacked-license-top-100-cumulative.html"
"47",47,"/Users/pierre-alex/Dropbox/PABalland.github.io/hf/api/model/license/_archives/stacked-license-top-100.html","stacked-license-top-100.html"
"48",48,"/Users/pierre-alex/Dropbox/PABalland.github.io/hf/api/model/license/_archives/stacked-license-top-100pc.html","stacked-license-top-100pc.html"
"49",49,"/Users/pierre-alex/Dropbox/PABalland.github.io/hf/api/model/license/stacked-likes-top-200-cumulative-pc.html","stacked-likes-top-200-cumulative-pc.html"
"50",50,"/Users/pierre-alex/Dropbox/PABalland.github.io/hf/api/model/license/stacked-likes-top-200-cumulative.html","stacked-likes-top-200-cumulative.html"
"51",51,"/Users/pierre-alex/Dropbox/PABalland.github.io/hf/api/model/license/stacked-likes-top-200-pc.html","stacked-likes-top-200-pc.html"
"52",52,"/Users/pierre-alex/Dropbox/PABalland.github.io/hf/api/model/license/stacked-likes-top-200.html","stacked-likes-top-200.html"
"53",53,"/Users/pierre-alex/Dropbox/PABalland.github.io/hf/api/model/model/_archives/1-1-model-tag-likes-top-200.html","1-1-model-tag-likes-top-200.html"
"54",54,"/Users/pierre-alex/Dropbox/PABalland.github.io/hf/api/model/model/_archives/1-2-model-tag-downloads_all_time-top-200.html","1-2-model-tag-downloads_all_time-top-200.html"
"55",55,"/Users/pierre-alex/Dropbox/PABalland.github.io/hf/api/model/model/_archives/1-3-model-tag-downloads-top-200.html","1-3-model-tag-downloads-top-200.html"
"56",56,"/Users/pierre-alex/Dropbox/PABalland.github.io/hf/api/model/model/_archives/2-1-stacked-model-top-100-cumulative-pc.html","2-1-stacked-model-top-100-cumulative-pc.html"
"57",57,"/Users/pierre-alex/Dropbox/PABalland.github.io/hf/api/model/model/_archives/2-2-stacked-model-top-100-cumulative.html","2-2-stacked-model-top-100-cumulative.html"
"58",58,"/Users/pierre-alex/Dropbox/PABalland.github.io/hf/api/model/model/_archives/3-1-geomap.html","3-1-geomap.html"
"59",59,"/Users/pierre-alex/Dropbox/PABalland.github.io/hf/api/model/model/_archives/4-network.html","4-network.html"
"60",60,"/Users/pierre-alex/Dropbox/PABalland.github.io/hf/api/model/model/_archives/model-tag-downloads_all_time-top-100.html","model-tag-downloads_all_time-top-100.html"
"61",61,"/Users/pierre-alex/Dropbox/PABalland.github.io/hf/api/model/model/_archives/model-tag-downloads-top-100.html","model-tag-downloads-top-100.html"
"62",62,"/Users/pierre-alex/Dropbox/PABalland.github.io/hf/api/model/model/_archives/model-tag-likes-top-100.html","model-tag-likes-top-100.html"
"63",63,"/Users/pierre-alex/Dropbox/PABalland.github.io/hf/api/model/model/_archives/stacked-model-top-100-cumulative-black-forest.html","stacked-model-top-100-cumulative-black-forest.html"
"64",64,"/Users/pierre-alex/Dropbox/PABalland.github.io/hf/api/model/model/_archives/stacked-model-top-100-cumulative-pc.html","stacked-model-top-100-cumulative-pc.html"
"65",65,"/Users/pierre-alex/Dropbox/PABalland.github.io/hf/api/model/model/_archives/stacked-model-top-100-cumulative.html","stacked-model-top-100-cumulative.html"
"66",66,"/Users/pierre-alex/Dropbox/PABalland.github.io/hf/api/model/model/_archives/stacked-model-top-100-pc.html","stacked-model-top-100-pc.html"
"67",67,"/Users/pierre-alex/Dropbox/PABalland.github.io/hf/api/model/model/_archives/stacked-model-top-100.html","stacked-model-top-100.html"
"68",68,"/Users/pierre-alex/Dropbox/PABalland.github.io/hf/api/model/model/treemap-downloads_all_time-top-200.html","treemap-downloads_all_time-top-200.html"
"69",69,"/Users/pierre-alex/Dropbox/PABalland.github.io/hf/api/model/model/treemap-downloads_past_30_days-top-200.html","treemap-downloads_past_30_days-top-200.html"
"70",70,"/Users/pierre-alex/Dropbox/PABalland.github.io/hf/api/model/model/treemap-downloads-top-200.html","treemap-downloads-top-200.html"
"71",71,"/Users/pierre-alex/Dropbox/PABalland.github.io/hf/api/model/model/treemap-likes-top-100.html","treemap-likes-top-100.html"
"72",72,"/Users/pierre-alex/Dropbox/PABalland.github.io/hf/api/model/model/treemap-likes-top-200.html","treemap-likes-top-200.html"
"73",73,"/Users/pierre-alex/Dropbox/PABalland.github.io/hf/api/model/pipeline/_archive/pipeline_tag-tag-downloads_all_time-top-200.html","pipeline_tag-tag-downloads_all_time-top-200.html"
"74",74,"/Users/pierre-alex/Dropbox/PABalland.github.io/hf/api/model/pipeline/_archive/pipeline_tag-tag-downloads-top-200.html","pipeline_tag-tag-downloads-top-200.html"
"75",75,"/Users/pierre-alex/Dropbox/PABalland.github.io/hf/api/model/pipeline/_archive/pipeline_tag-tag-likes-top-200.html","pipeline_tag-tag-likes-top-200.html"
"76",76,"/Users/pierre-alex/Dropbox/PABalland.github.io/hf/api/model/pipeline/_archive/stacked-pipeline_tag-top-100-cumulative-pc.html","stacked-pipeline_tag-top-100-cumulative-pc.html"
"77",77,"/Users/pierre-alex/Dropbox/PABalland.github.io/hf/api/model/pipeline/_archive/stacked-pipeline_tag-top-100-cumulative.html","stacked-pipeline_tag-top-100-cumulative.html"
"78",78,"/Users/pierre-alex/Dropbox/PABalland.github.io/hf/api/model/pipeline/_archive/stacked-pipeline_tag-top-100-pc.html","stacked-pipeline_tag-top-100-pc.html"
"79",79,"/Users/pierre-alex/Dropbox/PABalland.github.io/hf/api/model/pipeline/_archive/stacked-pipeline_tag-top-100.html","stacked-pipeline_tag-top-100.html"
"80",80,"/Users/pierre-alex/Dropbox/PABalland.github.io/hf/api/model/pipeline/stacked-likes-top-200-cumulative-pc.html","stacked-likes-top-200-cumulative-pc.html"
"81",81,"/Users/pierre-alex/Dropbox/PABalland.github.io/hf/api/model/pipeline/stacked-likes-top-200-cumulative.html","stacked-likes-top-200-cumulative.html"
"82",82,"/Users/pierre-alex/Dropbox/PABalland.github.io/hf/api/model/pipeline/stacked-likes-top-200-pc.html","stacked-likes-top-200-pc.html"
"83",83,"/Users/pierre-alex/Dropbox/PABalland.github.io/hf/api/model/pipeline/stacked-likes-top-200.html","stacked-likes-top-200.html"
"84",84,"/Users/pierre-alex/Dropbox/PABalland.github.io/hf/api/model/pipeline/treemap-downloads_all_time-top-200.html","treemap-downloads_all_time-top-200.html"
"85",85,"/Users/pierre-alex/Dropbox/PABalland.github.io/hf/api/model/pipeline/treemap-likes-top-200.html","treemap-likes-top-200.html"
"86",86,"/Users/pierre-alex/Dropbox/PABalland.github.io/hf/api/model/tag/model-tag-likes-top-100.html","model-tag-likes-top-100.html"
"87",87,"/Users/pierre-alex/Dropbox/PABalland.github.io/hf/api/model/tag/stacked-likes-top-200-cumulative-pc.html","stacked-likes-top-200-cumulative-pc.html"
"88",88,"/Users/pierre-alex/Dropbox/PABalland.github.io/hf/api/model/tag/stacked-likes-top-200-cumulative.html","stacked-likes-top-200-cumulative.html"
"89",89,"/Users/pierre-alex/Dropbox/PABalland.github.io/hf/api/model/tag/stacked-likes-top-200-pc.html","stacked-likes-top-200-pc.html"
"90",90,"/Users/pierre-alex/Dropbox/PABalland.github.io/hf/api/model/tag/stacked-likes-top-200.html","stacked-likes-top-200.html"
"91",91,"/Users/pierre-alex/Dropbox/PABalland.github.io/hf/api/model/tag/stacked-tag-top-100-cumulative-pc.html","stacked-tag-top-100-cumulative-pc.html"
"92",92,"/Users/pierre-alex/Dropbox/PABalland.github.io/hf/api/model/tag/stacked-tag-top-100-cumulative.html","stacked-tag-top-100-cumulative.html"
"93",93,"/Users/pierre-alex/Dropbox/PABalland.github.io/hf/api/model/tag/stacked-tag-top-100-pc.html","stacked-tag-top-100-pc.html"
"94",94,"/Users/pierre-alex/Dropbox/PABalland.github.io/hf/api/model/tag/stacked-tag-top-100.html","stacked-tag-top-100.html"
"95",95,"/Users/pierre-alex/Dropbox/PABalland.github.io/hf/api/org_model_downloads.html","org_model_downloads.html"
"96",96,"/Users/pierre-alex/Dropbox/PABalland.github.io/hf/api/org_model_likes.html","org_model_likes.html"
"97",97,"/Users/pierre-alex/Dropbox/PABalland.github.io/hf/api/stacked.html","stacked.html"
"98",98,"/Users/pierre-alex/Dropbox/PABalland.github.io/hf/api/urban.html","urban.html"
